model,train_time_sec,accuracy,precision,recall,f1,roc_auc
bagging_tree,17.72422194480896,0.8005677785663591,0.6555183946488294,0.5240641711229946,0.5824665676077266,0.8513472319098918
stacking,22.43087124824524,0.8041163946061036,0.6713286713286714,0.5133689839572193,0.5818181818181818,0.8501821281872434
voting_hard,7.920145273208618,0.7991483321504613,0.6552901023890785,0.5133689839572193,0.5757121439280359,
voting_soft,10.844193458557129,0.7842441447835344,0.631578947368421,0.44919786096256686,0.525,0.8292722622645896
adaboost,18.127357006072998,0.7345635202271115,0.0,0.0,0.0,0.8267586349427781
