model,f1_mean,f1_std,f1_ci95_low,f1_ci95_high,acc_mean,acc_std,roc_auc_mean
bagging_tree,0.5828680038666605,0.022057779912495707,0.5579072761330588,0.6078287316002622,0.8052893148739795,0.011741452189237665,0.8546038988663093
stacking,0.5817753385650185,0.019725433254618126,0.5594539095341244,0.6040967675959126,0.807596734114306,0.008977045521052038,0.8529213497283252
voting_hard,0.5600120745421218,0.01630729476967981,0.5415586333330645,0.578465515751179,0.7999645012424565,0.008699006570708453,
voting_soft,0.5332103627208093,0.006562959203937724,0.5257836752451843,0.5406370501964344,0.7896698615548455,0.0031351653767582107,0.828178387768563
adaboost,0.0,0.0,0.0,0.0,0.7346467873624424,0.00025101412182697237,0.8371026055267667
